timestamp,force_Array
1759956536.1505334,0.0,0.0,0.0,0.0,0.0,0.0,0.0,0.0,0.0,0.0
1759956536.350889,0.0,0.0,0.0,0.0,0.0,0.0,0.0,0.0,0.0,0.0
1759956536.5510588,0.0,0.0,0.0,0.0,0.0,0.0,0.0,0.0,0.0,0.0
1759956536.7511926,0.0,0.0,0.0,0.0,0.0,0.0,0.0,0.0,0.0,0.0
1759956536.951331,0.0,0.0,0.0,0.0,0.0,0.0,0.0,0.0,0.0,0.0
1759956537.151465,0.0,0.0,0.0,0.0,0.0,0.0,0.0,0.0,0.0,0.0
1759956537.3516667,0.0,0.0,0.0,0.0,0.0,0.0,0.0,0.0,0.0,0.0
1759956537.5518665,0.0,0.0,0.0,0.0,0.0,0.0,0.0,0.0,0.0,0.0
1759956537.7520337,0.0,0.0,0.0,0.0,0.0,0.0,0.0,0.0,0.0,0.0
1759956537.9521563,0.0,0.0,0.0,0.0,0.0,0.0,0.0,0.0,0.0,0.0
1759956538.1523154,1.1,1.5,0.6,0.9,0.1,0.0,0.0,0.0,0.0,0.0
1759956538.3525858,1.1,1.5,0.6,0.9,0.0,0.0,0.0,0.0,0.0,0.0
1759956538.5527205,1.1,1.5,0.6,0.9,0.0,0.0,0.0,0.0,0.0,0.0
1759956538.752852,1.1,1.5,0.6,0.9,0.0,0.0,0.0,0.0,0.0,0.0
1759956538.952991,1.1,1.5,0.6,0.9,0.0,0.0,0.0,0.0,0.0,0.0
1759956539.15313,1.1,1.5,0.6,0.9,0.0,0.0,0.0,0.0,0.0,0.0
1759956539.3532846,1.1,1.5,0.6,0.9,0.0,0.0,0.0,0.0,0.0,0.0
1759956539.553424,1.1,1.5,0.6,0.9,0.0,0.0,0.0,0.0,0.0,0.0
1759956539.7535775,1.1,1.5,0.6,0.9,0.0,0.0,0.0,0.0,0.0,0.0
1759956539.9537148,1.1,1.5,0.6,0.9,0.0,0.0,0.0,0.0,0.0,0.0
1759956540.1538706,1.1,1.5,0.6,0.9,0.0,0.0,0.0,0.0,0.0,0.0
1759956540.354087,1.1,1.5,0.6,0.9,0.0,0.0,0.0,0.0,0.0,0.0
1759956540.554224,1.1,1.5,0.6,0.9,0.0,0.0,0.0,0.0,0.0,0.0
1759956540.7543783,1.1,1.5,0.6,0.9,0.0,0.0,0.0,0.0,0.0,0.0
1759956540.9545124,1.1,1.5,0.6,0.9,0.0,0.0,0.0,0.0,0.0,0.0
1759956541.1546645,1.1,1.5,0.6,0.9,0.0,0.0,0.0,0.0,0.0,0.0
1759956541.354887,0.0,0.0,0.0,0.0,0.0,0.0,0.0,0.0,0.0,0.0
1759956541.5550463,0.0,0.0,0.0,0.0,0.0,0.0,0.0,0.0,0.0,0.0
1759956541.7552047,0.0,0.0,0.0,0.0,0.0,0.0,0.0,0.0,0.0,0.0
1759956541.9553702,0.0,0.0,0.0,0.0,0.0,0.0,0.0,0.0,0.0,0.0
1759956542.1555686,0.0,0.0,0.0,0.0,0.0,0.0,0.0,0.0,0.0,0.0
1759956542.3557312,0.0,0.0,0.0,0.0,0.0,0.0,0.0,0.0,0.0,0.0
1759956542.5559266,0.0,0.0,0.0,0.0,0.0,0.0,0.0,0.0,0.0,0.0
1759956542.7560978,0.0,0.0,0.0,0.0,0.0,0.0,0.0,0.0,0.0,0.0
1759956542.9563024,0.0,0.0,0.0,0.0,0.0,0.0,0.0,0.0,0.0,0.0
1759956543.156476,0.0,0.0,0.0,0.0,0.0,0.0,0.0,0.0,0.0,0.0
1759956543.3566644,0.0,0.0,0.0,0.0,0.0,0.0,0.0,0.0,0.0,0.0
1759956543.556838,0.0,0.0,0.0,0.0,0.0,0.0,0.0,0.0,0.0,0.0
1759956543.7570207,0.0,0.0,0.0,0.0,0.0,0.0,0.0,0.0,0.0,0.0
1759956543.9571912,0.0,0.0,0.0,0.0,0.0,0.0,0.0,0.0,0.0,0.0
1759956544.1573892,0.0,0.0,0.0,0.0,0.0,0.0,0.0,0.0,0.0,0.0
1759956544.3575752,0.0,0.0,0.0,0.0,0.0,0.0,0.0,0.0,0.0,0.0
1759956544.5578046,0.0,0.0,0.0,0.0,0.0,0.0,0.0,0.0,0.0,0.0
1759956544.758353,0.0,0.0,0.0,0.0,0.0,0.0,0.0,0.0,0.0,0.0
1759956544.9585397,0.0,0.0,0.0,0.0,0.0,0.0,0.0,0.0,0.0,0.0
1759956545.1586971,0.0,0.0,0.0,0.0,0.0,0.0,0.0,0.0,0.0,0.0
1759956545.3588572,0.0,0.0,0.0,0.0,0.0,0.0,0.0,0.0,0.0,0.0
1759956545.5590105,0.0,0.0,0.0,0.0,0.0,0.0,0.0,0.0,0.0,0.0
1759956545.7591584,0.0,0.0,0.0,0.0,0.0,0.0,0.0,0.0,0.0,0.0
1759956545.9593146,0.0,0.0,0.0,0.0,0.0,0.0,0.0,0.0,0.0,0.0
1759956546.1594567,0.0,0.0,0.0,0.0,0.0,0.0,0.0,0.0,0.0,0.0
1759956546.3596125,0.0,0.0,0.0,0.0,0.0,0.0,0.0,0.0,0.0,0.0
1759956546.5597665,0.0,0.0,0.0,0.0,0.0,0.0,0.0,0.0,0.0,0.0
1759956546.7599227,0.0,0.0,0.0,0.0,0.0,0.0,0.0,0.0,0.0,0.0
1759956546.96007,0.0,0.0,0.0,0.0,0.0,0.0,0.0,0.0,0.0,0.0
1759956547.160226,0.0,0.0,0.0,0.0,0.0,0.0,0.0,0.0,0.0,0.0
1759956547.3603761,0.0,0.0,0.0,0.0,0.0,0.0,0.0,0.0,0.0,0.0
1759956547.5605297,0.0,0.0,0.0,0.0,0.0,0.0,0.0,0.0,0.0,0.0
1759956547.7606845,0.0,0.0,0.0,0.0,0.0,0.0,0.0,0.0,0.0,0.0
1759956547.9608362,0.0,0.0,0.0,0.0,0.0,0.0,0.0,0.0,0.0,0.0
1759956548.1609912,0.0,0.0,0.0,0.0,0.0,0.0,0.0,0.0,0.0,0.0
1759956548.3611467,0.0,0.0,0.0,0.0,0.0,0.0,0.0,0.0,0.0,0.0
1759956548.5616627,0.0,0.0,0.0,0.0,0.0,0.0,0.0,0.0,0.0,0.0
1759956548.7619715,0.0,0.0,0.0,0.0,0.0,0.0,0.0,0.0,0.0,0.0
1759956548.962188,0.0,0.0,0.0,0.0,0.0,0.0,0.0,0.0,0.0,0.0
1759956549.1625261,0.0,0.0,0.0,0.0,0.0,0.0,0.0,0.0,0.0,0.0
1759956549.3626916,0.0,0.0,0.0,0.0,0.0,0.0,0.0,0.0,0.0,0.0
1759956549.5628974,0.0,0.0,0.0,0.0,0.0,0.0,0.0,0.0,0.0,0.0
1759956549.763107,0.0,0.0,0.0,0.0,0.0,0.0,0.0,0.0,0.0,0.0
1759956549.9632668,0.0,0.0,0.0,0.0,0.0,0.0,0.0,0.0,0.0,0.0
1759956550.1634288,0.0,0.0,0.0,0.0,0.0,0.0,0.0,0.0,0.0,0.0
1759956550.3635767,0.0,0.0,0.0,0.0,0.0,0.0,0.0,0.0,0.0,0.0
1759956550.5637174,0.0,0.0,0.0,0.0,0.0,0.0,0.0,0.0,0.0,0.0
1759956550.7638767,0.0,0.0,0.0,0.0,0.0,0.0,0.0,0.0,0.0,0.0
1759956557.144533,0.0,0.0,0.0,0.0,0.0,0.0,0.0,0.0,0.0,0.0
1759956557.3453388,0.0,0.0,0.0,0.0,0.0,0.0,0.0,0.0,0.0,0.0
1759956557.5459468,0.0,0.0,0.0,0.0,0.0,0.0,0.0,0.0,0.0,0.0
1759956557.7461343,0.0,0.0,0.0,0.0,0.0,0.0,0.0,0.0,0.0,0.0
1759956557.9462914,0.0,0.0,0.0,0.0,0.0,0.0,0.0,0.0,0.0,0.0
1759956558.146441,0.0,0.0,0.0,0.0,0.0,0.0,0.0,0.0,0.0,0.0
1759956558.3465984,0.0,0.0,0.0,0.0,0.0,0.0,0.0,0.0,0.0,0.0
1759956558.546761,0.0,0.0,0.0,0.0,0.0,0.0,0.0,0.0,0.0,0.0
1759956558.7469146,0.0,0.0,0.0,0.0,0.0,0.0,0.0,0.0,0.0,0.0
1759956558.947111,0.0,0.0,0.0,0.0,0.0,0.0,0.0,0.0,0.0,0.0
1759956559.1472523,0.8,2.6,0.0,0.0,0.0,0.0,0.0,0.0,0.0,0.0
1759956559.347404,0.8,2.6,0.0,0.0,0.0,0.0,0.0,0.0,0.0,0.0
1759956559.547547,0.8,2.6,0.0,0.0,0.0,0.0,0.0,0.0,0.0,0.0
1759956559.7476943,0.8,2.6,0.0,0.0,0.0,0.0,0.0,0.0,0.0,0.0
1759956559.9478507,0.8,2.6,0.0,0.0,0.0,0.0,0.0,0.0,0.0,0.0
1759956560.1479897,0.8,2.6,0.0,0.0,0.0,0.0,0.0,0.0,0.0,0.0
1759956560.348156,0.8,2.6,0.0,0.0,0.0,0.0,0.0,0.0,0.0,0.0
1759956560.5482953,0.8,2.6,0.0,0.0,0.0,0.0,0.0,0.0,0.0,0.0
1759956560.7484348,0.8,2.6,0.0,0.0,0.0,0.0,0.0,0.0,0.0,0.0
1759956560.948579,0.8,2.6,0.0,0.0,0.0,0.0,0.0,0.0,0.0,0.0
1759956561.1487265,0.8,2.6,0.0,0.0,0.0,0.0,0.0,0.0,0.0,0.0
1759956561.3488774,0.8,2.6,0.0,0.0,0.0,0.0,0.0,0.0,0.0,0.0
1759956561.5490174,0.8,2.6,0.0,0.0,0.0,0.0,0.0,0.0,0.0,0.0
1759956561.7491562,0.8,2.6,0.0,0.0,0.0,0.0,0.0,0.0,0.0,0.0
1759956561.9493008,0.8,2.6,0.0,0.0,0.0,0.0,0.0,0.0,0.0,0.0
1759956562.1494594,0.8,2.6,0.0,0.0,0.0,0.0,0.0,0.0,0.0,0.0
1759956562.3497858,0.0,0.0,0.0,0.0,0.0,0.0,0.0,0.0,0.0,0.0
1759956562.549941,0.0,0.0,0.0,0.0,0.0,0.0,0.0,0.0,0.0,0.0
1759956562.7501185,0.0,0.0,0.0,0.0,0.0,0.0,0.0,0.0,0.0,0.0
1759956562.9503274,0.0,0.0,0.0,0.0,0.0,0.0,0.0,0.0,0.0,0.0
1759956563.1504948,0.0,0.0,0.0,0.0,0.0,0.0,0.0,0.0,0.0,0.0
1759956563.3506649,0.0,0.0,0.0,0.0,0.0,0.0,0.0,0.0,0.0,0.0
1759956563.5508573,0.0,0.0,0.0,0.0,0.0,0.0,0.0,0.0,0.0,0.0
1759956563.7510092,0.0,0.0,0.0,0.0,0.0,0.0,0.0,0.0,0.0,0.0
1759956563.9511664,0.0,0.0,0.0,0.0,0.0,0.0,0.0,0.0,0.0,0.0
1759956564.1513212,0.0,0.0,0.0,0.0,0.0,0.0,0.0,0.0,0.0,0.0
1759956564.351472,0.0,0.0,0.0,0.0,0.0,0.0,0.0,0.0,0.0,0.0
1759956564.5516236,0.0,0.0,0.0,0.0,0.0,0.0,0.0,0.0,0.0,0.0
1759956564.751793,0.0,0.0,0.0,0.0,0.0,0.0,0.0,0.0,0.0,0.0
1759956564.9519491,0.0,0.0,0.0,0.0,0.0,0.0,0.0,0.0,0.0,0.0
1759956565.1521094,0.0,0.0,0.0,0.0,0.0,0.0,0.0,0.0,0.0,0.0
1759956565.35227,0.0,0.0,0.0,0.0,0.0,0.0,0.0,0.0,0.0,0.0
1759956565.5524218,0.0,0.0,0.0,0.0,0.0,0.0,0.0,0.0,0.0,0.0
1759956565.7525744,0.0,0.0,0.0,0.0,0.0,0.0,0.0,0.0,0.0,0.0
1759956565.9527292,0.0,0.0,0.0,0.0,0.0,0.0,0.0,0.0,0.0,0.0
1759956566.1528833,0.0,0.0,0.0,0.0,0.0,0.0,0.0,0.0,0.0,0.0
1759956566.3530366,0.0,0.0,0.0,0.0,0.0,0.0,0.0,0.0,0.0,0.0
1759956566.5532138,0.0,0.0,0.0,0.0,0.0,0.0,0.0,0.0,0.0,0.0
1759956566.7562263,0.0,0.0,0.0,0.0,0.0,0.0,0.0,0.0,0.0,0.0
1759956566.9563792,0.0,0.0,0.0,0.0,0.0,0.0,0.0,0.0,0.0,0.0
1759956567.156538,0.0,0.0,0.0,0.0,0.0,0.0,0.0,0.0,0.0,0.0
1759956567.3567593,0.0,0.0,0.0,0.0,0.0,0.0,0.0,0.0,0.0,0.0
1759956567.5576003,0.0,0.0,0.0,0.0,0.0,0.0,0.0,0.0,0.0,0.0
1759956567.7578213,0.0,0.0,0.0,0.0,0.0,0.0,0.0,0.0,0.0,0.0
1759956567.958077,0.0,0.0,0.0,0.0,0.0,0.0,0.0,0.0,0.0,0.0
1759956568.1582675,0.0,0.0,0.0,0.0,0.0,0.0,0.0,0.0,0.0,0.0
1759956568.3584332,0.0,0.0,0.0,0.0,0.0,0.0,0.0,0.0,0.0,0.0
1759956568.5586069,0.0,0.0,0.0,0.0,0.0,0.0,0.0,0.0,0.0,0.0
1759956568.7587574,0.0,0.0,0.0,0.0,0.0,0.0,0.0,0.0,0.0,0.0
1759956568.9589047,0.0,0.0,0.0,0.0,0.0,0.0,0.0,0.0,0.0,0.0
1759956569.1590352,0.0,0.0,0.0,0.0,0.0,0.0,0.0,0.0,0.0,0.0
1759956569.3591862,0.0,0.0,0.0,0.0,0.0,0.0,0.0,0.0,0.0,0.0
1759956569.5593474,0.0,0.0,0.0,0.0,0.0,0.0,0.0,0.0,0.0,0.0
1759956569.7607102,0.0,0.0,0.0,0.0,0.0,0.0,0.0,0.0,0.0,0.0
1759956569.9608712,0.0,0.0,0.0,0.0,0.0,0.0,0.0,0.0,0.0,0.0
1759956570.1610231,0.0,0.0,0.0,0.0,0.0,0.0,0.0,0.0,0.0,0.0
1759956570.3611794,0.0,0.0,0.0,0.0,0.0,0.0,0.0,0.0,0.0,0.0
1759956570.5613565,0.0,0.0,0.0,0.0,0.0,0.0,0.0,0.0,0.0,0.0
1759956570.7615185,0.0,0.0,0.0,0.0,0.0,0.0,0.0,0.0,0.0,0.0
1759956570.9616847,0.0,0.0,0.0,0.0,0.0,0.0,0.0,0.0,0.0,0.0
1759956571.1618235,0.0,0.0,0.0,0.0,0.0,0.0,0.0,0.0,0.0,0.0
1759956571.3619883,0.0,0.0,0.0,0.0,0.0,0.0,0.0,0.0,0.0,0.0
1759956571.5621827,0.0,0.0,0.0,0.0,0.0,0.0,0.0,0.0,0.0,0.0
1759956571.762336,0.0,0.0,0.0,0.0,0.0,0.0,0.0,0.0,0.0,0.0
1759956571.962496,0.0,0.0,0.0,0.0,0.0,0.0,0.0,0.0,0.0,0.0
1759956572.1626818,0.0,0.0,0.0,0.0,0.0,0.0,0.0,0.0,0.0,0.0
1759956572.362931,0.0,0.0,0.0,0.0,0.0,0.0,0.0,0.0,0.0,0.0
1759956572.5631068,0.0,0.0,0.0,0.0,0.0,0.0,0.0,0.0,0.0,0.0
1759956572.7632654,0.0,0.0,0.0,0.0,0.0,0.0,0.0,0.0,0.0,0.0
1759956572.9634168,0.0,0.0,0.0,0.0,0.0,0.0,0.0,0.0,0.0,0.0
1759956573.1636336,0.0,0.0,0.0,0.0,0.0,0.0,0.0,0.0,0.0,0.0
1759956573.3637915,0.0,0.0,0.0,0.0,0.0,0.0,0.0,0.0,0.0,0.0
1759956573.5639484,0.0,0.0,0.0,0.0,0.0,0.0,0.0,0.0,0.0,0.0
1759956573.7640972,0.0,0.0,0.0,0.0,0.0,0.0,0.0,0.0,0.0,0.0
1759956573.9642467,0.0,0.0,0.0,0.0,0.0,0.0,0.0,0.0,0.0,0.0
1759956574.164399,0.0,0.0,0.0,0.0,0.0,0.0,0.0,0.0,0.0,0.0
1759956574.364554,0.0,0.0,0.0,0.0,0.0,0.0,0.0,0.0,0.0,0.0
1759956574.564745,0.0,0.0,0.0,0.0,0.0,0.0,0.0,0.0,0.0,0.0
1759956574.7663705,0.0,0.0,0.0,0.0,0.0,0.0,0.0,0.0,0.0,0.0
1759956574.966541,0.0,0.0,0.0,0.0,0.0,0.0,0.0,0.0,0.0,0.0
1759956575.1666958,0.0,0.0,0.0,0.0,0.0,0.0,0.0,0.0,0.0,0.0
1759968801.584779,0.0,0.0,0.0,0.0,0.0,0.0,0.0,0.0,0.0,0.0
1759968802.0861273,0.0,0.0,0.0,0.0,0.0,0.0,0.0,0.0,0.0,0.0
1759968802.5863385,0.0,0.0,0.0,0.0,0.0,0.0,0.0,0.0,0.0,0.0
1759968803.0864794,0.0,0.0,0.0,0.0,0.0,0.0,0.0,0.0,0.0,0.0
1759968803.5866153,0.0,0.0,0.0,0.0,0.0,0.0,0.0,0.0,0.0,0.0
1759968804.087083,0.0,0.0,0.0,0.0,0.0,0.0,0.0,0.0,0.0,0.0
1759968804.5871904,0.0,0.0,0.0,0.0,0.0,0.0,0.0,0.0,0.0,0.0
1759968805.0873005,0.0,0.0,0.0,0.0,0.0,0.0,0.0,0.0,0.0,0.0
1759968805.587434,0.2,0.0,0.0,0.0,0.0,0.0,0.0,0.0,0.0,0.0
1759968806.0875819,0.2,0.0,0.0,0.0,0.0,0.0,0.0,0.0,0.0,0.0
1759968806.5877109,0.4,0.0,0.0,0.0,0.0,0.0,0.0,0.0,0.0,0.0
1759968807.0880375,0.0,0.0,0.0,0.0,0.0,0.0,0.0,0.0,0.0,0.0
1759968807.5882127,0.0,0.0,0.0,0.0,0.0,0.0,0.0,0.0,0.0,0.0
1759968808.0883665,0.0,0.0,0.0,0.0,0.0,0.0,0.0,0.0,0.0,0.0
1759968808.588496,0.0,0.0,0.0,0.0,0.0,0.0,0.0,0.0,0.0,0.0
1759968809.0886674,0.0,0.0,0.0,0.0,0.0,0.0,0.0,0.0,0.0,0.0
1759968809.5888367,0.0,0.0,0.0,0.0,0.0,0.0,0.0,0.0,0.0,0.0
1759968810.0890322,0.0,0.0,0.0,0.0,0.0,0.0,0.0,0.0,0.0,0.0
1759968810.5892293,0.7,0.0,0.0,0.0,0.0,0.0,0.0,0.0,0.0,0.0
1759968811.0901191,0.7,0.0,0.0,0.0,0.0,0.0,0.0,0.0,0.0,0.0
1759968811.5903158,0.4,0.0,0.0,0.0,0.0,0.0,0.0,0.0,0.0,0.0
1759968812.090485,0.0,0.0,0.0,0.0,0.0,0.0,0.0,0.0,0.0,0.0
1759968812.590655,0.0,0.0,0.0,0.0,0.0,0.0,0.0,0.0,0.0,0.0
1759968813.090899,0.2,0.0,0.0,0.0,0.0,0.0,0.0,0.0,0.0,0.0
1759968813.5911365,0.6,0.0,0.0,0.0,0.0,0.0,0.0,0.0,0.0,0.0
1759968814.091308,0.8,0.0,0.0,0.0,0.0,0.0,0.0,0.0,0.0,0.0
1759968814.5914981,0.7,0.0,0.0,0.0,0.0,0.0,0.0,0.0,0.0,0.0
1759968815.0917099,0.7,0.0,0.0,0.0,0.0,0.0,0.0,0.0,0.0,0.0
1759968815.5918868,0.2,0.0,0.0,0.0,0.0,0.0,0.0,0.0,0.0,0.0
1759968816.092141,0.0,0.0,0.0,0.0,0.0,0.0,0.0,0.0,0.0,0.0
1759968816.5923233,0.0,0.0,0.0,0.0,0.0,0.0,0.0,0.0,0.0,0.0
1759968817.092506,0.0,0.0,0.0,0.0,0.0,0.0,0.0,0.0,0.0,0.0
1759968817.5926895,0.0,0.0,0.0,0.0,0.0,0.0,0.0,0.0,0.0,0.0
1759968818.0928752,0.0,0.0,0.0,0.0,0.0,0.0,0.0,0.0,0.0,0.0
1759968818.593055,0.0,0.0,0.0,0.0,0.0,0.0,0.0,0.0,0.0,0.0
1759968819.093238,0.0,0.0,0.0,0.0,0.0,0.0,0.0,0.0,0.0,0.0
1759968819.5934181,0.0,0.0,0.0,0.0,0.0,0.0,0.0,0.0,0.0,0.0
1759968820.0936067,0.0,0.0,0.0,0.0,0.0,0.0,0.0,0.0,0.0,0.0
1759968820.593771,0.0,0.0,0.0,0.0,0.0,0.0,0.0,0.0,0.0,0.0
1759968821.0952466,0.0,0.0,0.0,0.0,0.0,0.0,0.0,0.0,0.0,0.0
1759968821.5954251,0.1,0.0,0.0,0.0,0.0,0.0,0.0,0.0,0.0,0.0
1759968822.095676,0.3,0.0,0.0,0.0,0.0,0.0,0.0,0.0,0.0,0.0
1759968822.5958679,0.3,0.0,0.0,0.0,0.0,0.0,0.0,0.0,0.0,0.0
1759968823.0961359,1.0,0.0,0.0,0.0,0.0,0.0,0.0,0.0,0.0,0.0
1759968823.596396,1.2,0.0,0.0,0.0,0.0,0.0,0.0,0.0,0.0,0.0
1759968824.0966392,1.2,0.0,0.0,0.0,0.0,0.0,0.0,0.0,0.0,0.0
1759968824.596819,0.9,0.0,0.0,0.0,0.0,0.0,0.0,0.0,0.0,0.0
1759968825.0969925,1.2,0.0,0.0,0.0,0.0,0.0,0.0,0.0,0.0,0.0
1759968825.5971665,1.3,0.0,0.0,0.0,0.0,0.0,0.0,0.0,0.0,0.0
1759968826.0990748,1.2,0.0,0.0,0.0,0.0,0.0,0.0,0.0,0.0,0.0
1759968826.599251,1.2,0.0,0.0,0.0,0.0,0.0,0.0,0.0,0.0,0.0
1759968827.0994284,0.9,0.0,0.0,0.0,0.0,0.0,0.0,0.0,0.0,0.0
1759968827.5996199,1.0,0.0,0.0,0.0,0.0,0.0,0.0,0.0,0.0,0.0
1759968828.0998032,0.9,0.0,0.0,0.0,0.0,0.0,0.0,0.0,0.0,0.0
1759968828.5999825,0.9,0.0,0.0,0.0,0.0,0.0,0.0,0.0,0.0,0.0
1759968829.1001687,1.0,0.0,0.0,0.0,0.0,0.0,0.0,0.0,0.0,0.0
1759968829.6003501,0.9,0.0,0.0,0.0,0.0,0.0,0.0,0.0,0.0,0.0
1759968847.2467632,0.0,0.0,0.0,0.0,0.0,0.0,0.0,0.0,0.0,0.0
1759968847.7469344,0.0,0.0,0.0,0.0,0.0,0.0,0.0,0.0,0.0,0.0
1759968848.247093,0.0,0.0,0.0,0.0,0.0,0.0,0.0,0.0,0.0,0.0
1759968848.747302,0.0,0.0,0.0,0.0,0.0,0.0,0.0,0.0,0.0,0.0
1759968849.247496,6.9,0.0,0.0,0.0,0.0,0.0,0.0,0.0,0.0,0.0
1759968849.7477198,6.9,0.0,0.0,0.0,0.0,0.0,0.0,0.0,0.0,0.0
1759968850.2479684,6.9,0.0,0.0,0.0,0.0,0.0,0.0,0.0,0.0,0.0
1759968850.7482176,6.9,0.0,0.0,0.0,0.0,0.0,0.0,0.0,0.0,0.0
1759968851.248397,0.0,0.0,0.0,0.0,0.0,0.0,0.0,0.0,0.0,0.0
1759968851.748566,0.0,0.0,0.0,0.0,0.0,0.0,0.0,0.0,0.0,0.0
1759968852.248736,0.0,0.0,0.0,0.0,0.0,0.0,0.0,0.0,0.0,0.0
1759968852.7489004,0.0,0.0,0.0,0.0,0.0,0.0,0.0,0.0,0.0,0.0
1759968853.2490873,0.0,0.0,0.0,0.0,0.0,0.0,0.0,0.0,0.0,0.0
1759968853.7492533,0.0,0.0,0.0,0.0,0.0,0.0,0.0,0.0,0.0,0.0
1759968854.2494233,0.0,0.0,0.0,0.0,0.0,0.0,0.0,0.0,0.0,0.0
1759968854.749589,0.0,0.0,0.0,0.0,0.0,0.0,0.0,0.0,0.0,0.0
1759968855.2506623,0.0,0.0,0.0,0.0,0.0,0.0,0.0,0.0,0.0,0.0
1759968855.7508318,0.0,0.0,0.0,0.0,0.0,0.0,0.0,0.0,0.0,0.0
1759968856.2510152,0.0,0.0,0.0,0.0,0.0,0.0,0.0,0.0,0.0,0.0
1759968856.7511778,0.0,0.0,0.0,0.0,0.0,0.0,0.0,0.0,0.0,0.0
1759968857.2513616,0.0,0.0,0.0,0.0,0.0,0.0,0.0,0.0,0.0,0.0
1759968857.7515848,0.0,0.0,0.0,0.0,0.0,0.0,0.0,0.0,0.0,0.0
1759968858.2517657,0.0,0.0,0.0,0.0,0.0,0.0,0.0,0.0,0.0,0.0
1759968858.7519395,0.0,0.0,0.0,0.0,0.0,0.0,0.0,0.0,0.0,0.0
1759968859.2521167,0.0,0.0,0.0,0.0,0.0,0.0,0.0,0.0,0.0,0.0
1759968859.752275,0.0,0.0,0.0,0.0,0.0,0.0,0.0,0.0,0.0,0.0
1759968860.2525175,0.4,0.0,0.0,0.0,0.0,0.0,0.0,0.0,0.0,0.0
1759968860.7526846,1.1,0.2,0.0,0.0,0.0,0.0,0.0,0.0,0.0,0.0
1759968861.252886,0.9,0.0,0.0,0.0,0.0,0.0,0.0,0.0,0.0,0.0
1759968861.7530534,0.5,0.0,0.0,0.0,0.0,0.0,0.0,0.0,0.0,0.0
1759968862.253241,1.3,0.0,0.0,0.0,0.0,0.0,0.0,0.0,0.0,0.0
1759968862.7534075,1.2,0.0,0.0,0.0,0.0,0.0,0.0,0.0,0.0,0.0
1759968863.2535782,0.6,0.0,0.0,0.0,0.0,0.0,0.0,0.0,0.0,0.0
1759968863.7537584,0.4,0.0,0.0,0.0,0.0,0.0,0.0,0.0,0.0,0.0
1759968864.253936,0.1,0.0,0.0,0.0,0.0,0.0,0.0,0.0,0.0,0.0
1759968864.7541003,0.0,0.0,0.0,0.0,0.0,0.0,0.0,0.0,0.0,0.0
1759968865.2555654,0.1,0.0,0.0,0.0,0.0,0.0,0.0,0.0,0.0,0.0
1759968865.7557337,0.3,0.0,0.0,0.0,0.0,0.0,0.0,0.0,0.0,0.0
1759968866.2558973,0.8,0.0,0.0,0.0,0.0,0.0,0.0,0.0,0.0,0.0
1759968866.7560496,0.9,0.0,0.0,0.0,0.0,0.0,0.0,0.0,0.0,0.0
1759968867.2562077,0.6,0.0,0.0,0.0,0.0,0.0,0.0,0.0,0.0,0.0
1759968867.7564654,0.6,0.0,0.0,0.0,0.0,0.0,0.0,0.0,0.0,0.0
1759968868.256713,0.7,0.0,0.0,0.0,0.0,0.0,0.0,0.0,0.0,0.0
1759968868.7569537,0.8,0.0,0.0,0.0,0.0,0.0,0.0,0.0,0.0,0.0
1759968869.2572083,1.3,0.0,0.0,0.0,0.0,0.0,0.0,0.0,0.0,0.0
1759968869.7574804,1.8,0.0,0.0,0.0,0.0,0.0,0.0,0.0,0.0,0.0
1759968870.257671,1.8,0.0,0.0,0.0,0.0,0.0,0.0,0.0,0.0,0.0
1759968879.1525347,0.0,0.0,0.0,0.0,0.0,0.0,0.0,0.0,0.0,0.0
1759968879.6527214,0.0,0.0,0.0,0.0,0.0,0.0,0.0,0.0,0.0,0.0
1759968880.152875,0.0,0.0,0.0,0.0,0.0,0.0,0.0,0.0,0.0,0.0
1759968880.6530316,0.0,0.0,0.0,0.0,0.0,0.0,0.0,0.0,0.0,0.0
1759968881.1531746,0.0,0.0,0.0,0.0,0.0,0.0,0.0,0.0,0.0,0.0
1759968881.6533096,5.6,1.1,0.0,0.0,0.0,0.0,0.0,0.0,0.0,0.0
1759968882.1534576,5.6,1.1,0.0,0.0,0.0,0.0,0.0,0.0,0.0,0.0
1759968882.653631,5.6,1.1,0.0,0.0,0.0,0.0,0.0,0.0,0.0,0.0
1759968883.153779,0.1,0.0,0.0,0.0,0.0,0.0,0.0,0.0,0.0,0.0
1759968883.6539383,0.2,0.0,0.0,0.0,0.0,0.0,0.0,0.0,0.0,0.0
1759968884.1540709,0.3,0.0,0.0,0.0,0.0,0.0,0.0,0.0,0.0,0.0
1759968884.654181,0.6,0.0,0.0,0.0,0.0,0.0,0.0,0.0,0.0,0.0
1759968885.1543121,0.7,0.0,0.0,0.0,0.0,0.0,0.0,0.0,0.0,0.0
1759968885.65444,0.7,0.0,0.0,0.0,0.0,0.0,0.0,0.0,0.0,0.0
1759968886.1545856,0.7,0.1,0.0,0.0,0.0,0.0,0.0,0.0,0.0,0.0
1759968886.6547246,0.7,0.1,0.0,0.0,0.0,0.0,0.0,0.0,0.0,0.0
1759968887.154883,0.8,0.0,0.0,0.0,0.0,0.0,0.0,0.0,0.0,0.0
1759968887.6550257,0.7,0.0,0.0,0.0,0.0,0.0,0.0,0.0,0.0,0.0
1759968888.1551785,0.7,0.0,0.0,0.0,0.0,0.0,0.0,0.0,0.0,0.0
1759968888.655317,0.9,0.1,0.0,0.0,0.0,0.0,0.0,0.0,0.0,0.0
1759968889.1555638,0.8,0.0,0.0,0.0,0.0,0.0,0.0,0.0,0.0,0.0
1759968889.6557384,0.8,0.0,0.0,0.0,0.0,0.0,0.0,0.0,0.0,0.0
1759968890.1559188,0.8,0.0,0.0,0.0,0.0,0.0,0.0,0.0,0.0,0.0
1759968890.6561015,0.8,0.0,0.0,0.0,0.0,0.0,0.0,0.0,0.0,0.0
1759968891.156279,0.9,0.1,0.0,0.0,0.0,0.0,0.0,0.0,0.0,0.0
1759968891.6564548,1.2,0.1,0.0,0.0,0.0,0.0,0.0,0.0,0.0,0.0
1759968892.1566303,1.3,0.6,0.0,0.0,0.0,0.0,0.0,0.0,0.0,0.0
1759968892.65682,1.4,0.7,0.0,0.0,0.0,0.0,0.0,0.0,0.0,0.0
1759968893.1569633,1.7,0.7,0.0,0.0,0.0,0.0,0.0,0.0,0.0,0.0
1759968893.657134,1.7,0.7,0.0,0.0,0.0,0.0,0.0,0.0,0.0,0.0
1759968894.1573687,2.2,0.7,0.0,0.0,0.0,0.0,0.0,0.0,0.0,0.0
1759968894.6575367,2.1,0.4,0.0,0.0,0.0,0.0,0.0,0.0,0.0,0.0
1759968895.1577954,2.1,0.3,0.0,0.0,0.0,0.0,0.0,0.0,0.0,0.0
1759968895.6580303,2.0,0.8,0.0,0.0,0.0,0.0,0.0,0.0,0.0,0.0
1759968896.1582851,1.8,0.7,0.0,0.0,0.0,0.0,0.0,0.0,0.0,0.0
1759968896.6585474,2.3,0.5,0.0,0.0,0.0,0.0,0.0,0.0,0.0,0.0
1759968897.1587176,2.5,0.4,0.0,0.0,0.0,0.0,0.0,0.0,0.0,0.0
1759968897.6589437,2.5,0.3,0.0,0.0,0.0,0.0,0.0,0.0,0.0,0.0
1759968898.1591725,2.1,0.2,0.0,0.0,0.0,0.0,0.0,0.0,0.0,0.0
1759968898.6594443,1.9,0.2,0.0,0.0,0.0,0.0,0.0,0.0,0.0,0.0
1759968899.1596332,1.9,0.1,0.0,0.0,0.0,0.0,0.0,0.0,0.0,0.0
1759968899.6598094,2.6,0.1,0.0,0.0,0.0,0.0,0.0,0.0,0.0,0.0
